id,date,category,region,product,sales,quantity,price,discount,profit
0,2023-07-23,Books,Central,Product D,6738,7,962.57,0.06,3325.44
1,2023-11-18,Toys,Central,Product E,7642,70,109.17,0.28,2043.20
2,2023-11-15,Home,East,Product D,1909,4,477.25,0.04,431.02
3,2023-04-22,Books,East,Product E,7583,74,102.47,0.19,1596.13
4,2023-12-07,Books,North,Product A,5557,12,463.08,0.19,1545.97
5,2023-06-22,Food,Central,Product B,1240,77,16.10,0.22,463.73
6,2023-03-26,Garden,South,Product D,3747,100,37.47,0.07,1467.57
7,2023-08-06,Home,North,Product A,9799,9,1088.78,0.02,3298.62
8,2023-08-25,Toys,East,Product E,4511,53,85.11,0.27,2196.48
9,2023-09-19,Sports,Central,Product D,9154,18,508.56,0.29,2843.33
10,2023-11-10,Sports,South,Product B,2683,21,127.76,0.07,1016.95
11,2023-04-12,Sports,West,Product A,3430,61,56.23,0.13,981.57
12,2023-12-01,Electronics,Central,Product A,3464,15,230.93,0.21,754.10
13,2023-02-07,Automotive,West,Product C,7843,8,980.38,0.20,2481.38
14,2023-04-24,Health,North,Product B,6050,100,60.50,0.17,1983.17
15,2023-07-20,Health,West,Product C,1618,33,49.03,0.15,367.01
16,2023-12-01,Clothing,East,Product A,2118,74,28.62,0.12,781.21
17,2023-04-10,Home,North,Product D,9626,14,687.57,0.07,4505.88
18,2023-04-08,Home,North,Product E,9543,70,136.33,0.11,3141.93
19,2023-11-20,Home,Central,Product C,5934,84,70.64,0.15,1586.16
20,2023-03-25,Garden,North,Product D,1159,17,68.18,0.03,467.27
21,2023-11-13,Toys,North,Product E,4179,78,53.58,0.13,1256.92
22,2023-01-19,Garden,Central,Product B,5192,58,89.52,0.24,2321.91
23,2023-08-27,Health,East,Product D,9763,68,143.57,0.11,4689.19
24,2023-11-04,Home,West,Product D,3441,97,35.47,0.27,1198.88
25,2023-07-30,Sports,South,Product D,9786,96,101.94,0.10,2057.28
26,2023-03-02,Home,Central,Product D,8051,61,131.98,0.08,3098.78
27,2023-07-07,Books,East,Product D,8998,65,138.43,0.25,1944.90
28,2023-04-16,Food,Central,Product D,959,64,14.98,0.14,276.01
29,2023-07-02,Books,North,Product A,4746,67,70.84,0.21,1500.00
30,2023-05-04,Automotive,Central,Product E,3103,40,77.58,0.16,874.14
31,2023-11-10,Books,North,Product E,3269,87,37.57,0.11,914.46
32,2023-07-31,Home,West,Product B,7635,1,7635.00,0.28,1567.03
33,2023-05-17,Books,North,Product D,6433,63,102.11,0.25,2911.21
34,2023-12-16,Garden,East,Product E,3314,4,828.50,0.11,1120.36
35,2023-10-08,Sports,North,Product E,1791,2,895.50,0.22,798.74
36,2023-07-12,Home,South,Product A,4477,41,109.20,0.28,2134.22
37,2023-06-02,Clothing,East,Product B,8455,74,114.26,0.03,3312.55
38,2023-08-13,Food,North,Product A,1431,73,19.60,0.03,571.37
39,2023-05-01,Automotive,South,Product D,4108,99,41.49,0.09,1982.75
40,2023-08-26,Books,South,Product B,6944,16,434.00,0.11,2996.18
41,2023-08-10,Garden,West,Product C,5337,20,266.85,0.09,1774.96
42,2023-11-04,Home,East,Product E,7045,93,75.75,0.07,2380.74
43,2023-11-18,Toys,North,Product B,9014,72,125.19,0.16,2199.80
44,2023-09-26,Electronics,West,Product B,5245,45,116.56,0.24,2347.36
45,2023-08-20,Automotive,West,Product D,3419,25,136.76,0.13,1701.76
46,2023-10-17,Automotive,Central,Product E,1799,47,38.28,0.26,733.70
47,2023-08-06,Automotive,South,Product A,6913,53,130.43,0.25,1454.24
48,2023-07-19,Health,South,Product A,9455,3,3151.67,0.06,3433.39
49,2023-07-25,Food,East,Product E,1328,68,19.53,0.02,511.09
50,2023-01-14,Sports,Central,Product D,527,26,20.27,0.12,222.95
51,2023-10-15,Sports,East,Product C,2565,57,45.00,0.28,694.87
52,2023-06-11,Food,Central,Product D,9189,50,183.78,0.25,4223.47
53,2023-02-21,Health,North,Product B,9020,85,106.12,0.01,3797.38
54,2023-04-09,Sports,East,Product C,2510,100,25.10,0.29,1247.95
55,2023-06-11,Garden,North,Product C,1816,54,33.63,0.07,442.16
56,2023-06-03,Garden,South,Product D,1608,5,321.60,0.13,473.81
57,2023-12-17,Electronics,East,Product D,4997,60,83.28,0.16,1825.60
58,2023-08-27,Health,Central,Product D,3831,24,159.63,0.28,1354.97
59,2023-08-21,Books,West,Product C,9284,5,1856.80,0.09,2149.40
60,2023-11-15,Health,West,Product B,6810,17,400.59,0.18,2755.19
61,2023-02-02,Automotive,West,Product E,4789,99,48.37,0.21,1476.66
62,2023-01-12,Health,West,Product B,8196,54,151.78,0.22,3706.31
63,2023-04-18,Electronics,South,Product B,2353,91,25.86,0.08,780.81
64,2023-05-31,Clothing,West,Product B,7162,73,98.11,0.19,3093.23
65,2023-03-25,Garden,Central,Product E,2902,43,67.49,0.20,1156.51
66,2023-07-06,Garden,North,Product A,4286,57,75.19,0.11,2070.62
67,2023-01-28,Electronics,West,Product B,8693,17,511.35,0.25,4342.10
68,2023-12-12,Garden,West,Product A,1726,1,1726.00,0.25,650.48
69,2023-10-06,Books,West,Product B,4122,38,108.47,0.13,1573.87
70,2023-05-23,Health,North,Product C,9123,52,175.44,0.16,3160.63
71,2023-10-28,Electronics,South,Product A,7537,39,193.26,0.06,3574.32
72,2023-05-23,Automotive,North,Product C,3955,79,50.06,0.13,1076.40
73,2023-07-13,Garden,North,Product B,9907,23,430.74,0.19,3488.81
74,2023-03-19,Home,North,Product D,1966,36,54.61,0.05,818.10
75,2023-10-30,Automotive,West,Product B,2597,70,37.10,0.15,547.51
76,2023-08-08,Sports,North,Product B,5743,44,130.52,0.24,2252.99
77,2023-12-21,Garden,North,Product D,9705,34,285.44,0.29,4563.79
78,2023-04-18,Clothing,East,Product D,3387,85,39.85,0.05,1509.60
79,2023-05-30,Health,Central,Product E,6207,89,69.74,0.01,2899.42
80,2023-12-25,Books,East,Product B,8357,2,4178.50,0.20,3405.61
81,2023-08-18,Health,North,Product E,543,16,33.94,0.09,120.41
82,2023-03-27,Books,East,Product C,3548,97,36.58,0.22,1679.50
83,2023-07-22,Health,Central,Product C,6509,58,112.22,0.11,3214.14
84,2023-03-29,Toys,West,Product A,9164,95,96.46,0.17,4430.97
85,2023-02-11,Food,Central,Product C,1875,46,40.76,0.23,589.03
86,2023-11-27,Food,South,Product C,1616,83,19.47,0.08,480.00
87,2023-08-25,Sports,North,Product D,2819,51,55.27,0.24,631.52
88,2023-05-19,Health,South,Product B,2053,92,22.32,0.14,573.50
89,2023-05-26,Food,Central,Product B,521,54,9.65,0.23,199.62
90,2023-09-26,Clothing,South,Product A,5856,34,172.24,0.27,2768.39
91,2023-07-03,Clothing,South,Product A,759,60,12.65,0.02,218.41
92,2023-07-06,Home,South,Product E,3688,52,70.92,0.25,1000.62
93,2023-06-09,Toys,Central,Product A,2154,79,27.27,0.28,762.89
94,2023-12-14,Electronics,Central,Product D,4754,98,48.51,0.03,1179.06
95,2023-04-29,Home,West,Product A,464,89,5.21,0.06,103.46
96,2023-09-14,Health,West,Product E,5103,31,164.61,0.16,1673.30
97,2023-02-08,Electronics,Central,Product A,8076,40,201.90,0.24,2090.46
98,2023-12-28,Toys,North,Product A,7510,68,110.44,0.06,2892.60
99,2023-02-15,Automotive,Central,Product B,6077,39,155.82,0.28,1233.65
100,2023-05-05,Food,North,Product B,2691,99,27.18,0.06,784.16
101,2023-01-03,Books,Central,Product E,8332,89,93.62,0.26,2157.08
102,2023-02-18,Automotive,Central,Product C,7296,65,112.25,0.14,3543.04
103,2023-07-05,Books,Central,Product A,2130,63,33.81,0.04,938.77
104,2023-04-08,Toys,Central,Product B,4054,38,106.68,0.26,1724.89
105,2023-11-04,Health,South,Product A,4915,19,258.68,0.22,1888.92
106,2023-12-14,Toys,West,Product E,7681,83,92.54,0.29,1552.75
107,2023-11-16,Automotive,East,Product E,9281,6,1546.83,0.14,3708.80
108,2023-08-05,Clothing,North,Product D,1344,45,29.87,0.11,494.42
109,2023-11-28,Electronics,Central,Product E,5360,20,268.00,0.26,1295.97
110,2023-09-19,Health,South,Product D,5555,7,793.57,0.26,1817.11
111,2023-01-07,Books,Central,Product C,2978,52,57.27,0.19,851.84
112,2023-10-12,Electronics,Central,Product C,8234,9,914.89,0.13,4105.24
113,2023-05-25,Electronics,Central,Product E,7163,16,447.69,0.01,1863.77
114,2023-06-05,Automotive,North,Product C,1266,81,15.63,0.21,575.50
115,2023-05-20,Toys,South,Product C,3195,89,35.90,0.29,1266.23
116,2023-05-05,Clothing,South,Product E,3717,21,177.00,0.08,1648.42
117,2023-12-24,Sports,East,Product A,7805,8,975.63,0.13,2116.98
118,2023-10-15,Clothing,North,Product E,7689,86,89.41,0.12,2230.58
119,2023-12-19,Food,South,Product D,1679,53,31.68,0.10,834.62
120,2023-02-20,Health,East,Product C,484,93,5.20,0.16,173.63
121,2023-11-18,Garden,West,Product D,8632,60,143.87,0.25,2991.10
122,2023-04-16,Garden,North,Product E,5660,100,56.60,0.11,2739.37
123,2023-12-11,Health,South,Product D,9763,33,295.85,0.22,3842.64
124,2023-02-18,Food,Central,Product D,4522,76,59.50,0.10,1777.97
125,2023-03-05,Books,East,Product D,3903,27,144.56,0.29,1395.71
126,2023-10-27,Sports,East,Product E,4761,81,58.78,0.01,1325.13
127,2023-08-16,Home,East,Product C,1875,52,36.06,0.15,571.23
128,2023-11-08,Sports,West,Product A,6203,83,74.73,0.03,1649.97
129,2023-12-06,Garden,North,Product E,9632,67,143.76,0.29,4343.00
130,2023-03-29,Electronics,South,Product A,9391,64,146.73,0.22,3272.96
131,2023-06-19,Sports,East,Product E,1265,60,21.08,0.06,592.03
132,2023-06-17,Automotive,South,Product A,6290,5,1258.00,0.26,3059.65
133,2023-12-08,Sports,West,Product C,673,98,6.87,0.17,268.78
134,2023-09-10,Health,North,Product C,553,11,50.27,0.24,145.23
135,2023-04-05,Automotive,Central,Product B,4379,84,52.13,0.07,1582.59
136,2023-06-28,Food,Central,Product C,832,3,277.33,0.19,309.99
137,2023-04-02,Health,North,Product C,9742,16,608.88,0.18,2774.24
138,2023-01-26,Clothing,East,Product B,8769,22,398.59,0.26,2427.44
139,2023-06-15,Electronics,West,Product B,9766,14,697.57,0.02,2681.69
140,2023-06-02,Food,Central,Product C,517,77,6.71,0.18,147.11
141,2023-12-11,Toys,North,Product A,379,10,37.90,0.14,183.97
142,2023-04-11,Garden,South,Product E,7965,27,295.00,0.14,2523.87
143,2023-04-21,Home,West,Product A,9052,55,164.58,0.04,2763.64
144,2023-08-04,Toys,South,Product B,6288,16,393.00,0.21,1935.75
145,2023-08-03,Electronics,North,Product A,1505,30,50.17,0.17,734.13
146,2023-08-21,Books,Central,Product E,5956,14,425.43,0.20,1773.75
147,2023-02-14,Food,Central,Product B,9938,12,828.17,0.22,3092.80
148,2023-02-28,Electronics,West,Product B,7492,42,178.38,0.14,1621.76
149,2023-01-28,Food,East,Product C,7041,19,370.58,0.23,3204.77
150,2023-03-21,Clothing,South,Product C,2482,61,40.69,0.11,863.08
151,2023-02-28,Garden,Central,Product A,9634,55,175.16,0.16,1938.05
152,2023-07-04,Garden,Central,Product E,362,63,5.75,0.24,72.86
153,2023-11-16,Clothing,South,Product A,4640,57,81.40,0.07,1870.02
154,2023-02-03,Home,East,Product A,1107,83,13.34,0.21,367.41
155,2023-08-28,Clothing,South,Product B,9003,88,102.31,0.26,3011.71
156,2023-07-22,Automotive,West,Product D,4966,81,61.31,0.15,1750.40
157,2023-03-11,Books,Central,Product D,5837,7,833.86,0.16,2508.60
158,2023-01-21,Automotive,Central,Product E,3628,88,41.23,0.24,1718.86
159,2023-10-04,Clothing,Central,Product E,2441,5,488.20,0.05,1072.96
160,2023-04-12,Food,North,Product B,3453,58,59.53,0.13,1566.64
161,2023-10-07,Home,North,Product C,9297,92,101.05,0.02,4145.70
162,2023-10-31,Automotive,South,Product D,1767,10,176.70,0.14,358.00
163,2023-02-13,Food,West,Product B,5825,100,58.25,0.05,1885.04
164,2023-05-21,Garden,North,Product A,8142,51,159.65,0.24,2038.05
165,2023-11-15,Books,East,Product D,8034,33,243.45,0.03,1715.31
166,2023-05-24,Sports,South,Product E,855,42,20.36,0.19,307.41
167,2023-11-13,Garden,South,Product A,6629,68,97.49,0.22,2096.31
168,2023-05-07,Sports,West,Product D,5603,6,933.83,0.27,2639.66
169,2023-04-08,Home,South,Product E,5841,28,208.61,0.28,2688.89
170,2023-07-08,Clothing,Central,Product B,5597,9,621.89,0.24,1704.59
171,2023-11-06,Food,West,Product C,8071,90,89.68,0.01,3536.02
172,2023-10-20,Sports,Central,Product E,633,40,15.82,0.11,281.43
173,2023-11-21,Toys,North,Product E,1376,88,15.64,0.27,520.36
174,2023-07-30,Home,East,Product A,7914,62,127.65,0.27,3850.13
175,2023-05-03,Electronics,East,Product E,9828,32,307.13,0.05,4781.33
176,2023-08-31,Home,Central,Product B,1855,74,25.07,0.00,434.70
177,2023-02-01,Clothing,West,Product A,6334,77,82.26,0.20,2261.94
178,2023-11-17,Automotive,Central,Product D,5607,49,114.43,0.11,2527.46
179,2023-05-24,Home,North,Product D,8309,87,95.51,0.26,3398.01
180,2023-07-23,Food,South,Product D,4639,53,87.53,0.18,1503.41
181,2023-05-08,Food,East,Product E,3239,99,32.72,0.28,1426.31
182,2023-06-05,Sports,East,Product B,5633,97,58.07,0.13,2463.62
183,2023-12-14,Books,West,Product E,8523,35,243.51,0.16,2059.62
184,2023-02-08,Books,North,Product C,2641,27,97.81,0.17,994.48
185,2023-11-09,Electronics,East,Product A,443,18,24.61,0.05,104.94
186,2023-10-30,Food,West,Product D,3441,60,57.35,0.14,957.61
187,2023-03-31,Food,South,Product C,2063,27,76.41,0.04,988.02
188,2023-12-21,Sports,Central,Product E,4736,45,105.24,0.29,957.20
189,2023-03-30,Clothing,East,Product C,5980,26,230.00,0.20,2898.71
190,2023-01-27,Sports,East,Product E,6293,11,572.09,0.01,3121.47
191,2023-01-03,Sports,South,Product A,4829,98,49.28,0.24,1186.35
192,2023-11-26,Food,West,Product C,5687,95,59.86,0.25,2733.99
193,2023-05-11,Books,Central,Product C,6386,51,125.22,0.01,2358.81
194,2023-06-01,Home,Central,Product A,2678,27,99.19,0.01,1152.91
195,2023-12-14,Automotive,North,Product E,2034,40,50.85,0.13,673.36
196,2023-02-12,Sports,South,Product D,8569,88,97.38,0.20,3678.34
197,2023-11-12,Automotive,West,Product C,2105,82,25.67,0.29,575.57
198,2023-07-10,Home,East,Product A,2062,67,30.78,0.21,775.43
199,2023-01-12,Automotive,West,Product D,3322,26,127.77,0.28,841.94
200,2023-06-22,Food,East,Product B,1149,68,16.90,0.04,506.53
201,2023-05-29,Toys,Central,Product C,3493,46,75.93,0.11,1495.71
202,2023-11-30,Home,South,Product E,8050,80,100.63,0.16,1889.78
203,2023-06-21,Sports,North,Product E,841,68,12.37,0.06,238.26
204,2023-08-25,Electronics,East,Product B,4640,11,421.82,0.17,1926.49
205,2023-03-02,Toys,Central,Product C,633,81,7.81,0.10,209.32
206,2023-08-24,Automotive,Central,Product E,5168,40,129.20,0.25,1630.05
207,2023-11-07,Home,North,Product A,8426,62,135.90,0.05,3163.24
208,2023-12-18,Clothing,South,Product B,8935,76,117.57,0.01,2423.41
209,2023-06-10,Food,East,Product C,8309,3,2769.67,0.20,1838.25
210,2023-01-16,Books,North,Product E,1249,7,178.43,0.10,502.00
211,2023-09-30,Electronics,West,Product E,2389,57,41.91,0.24,685.12
212,2023-11-09,Clothing,Central,Product D,8781,38,231.08,0.07,3756.79
213,2023-06-20,Food,Central,Product A,1728,6,288.00,0.25,762.03
214,2023-02-28,Electronics,East,Product A,8602,63,136.54,0.28,2815.79
215,2023-10-05,Sports,West,Product C,1764,1,1764.00,0.25,356.59
216,2023-03-05,Home,Central,Product B,3865,99,39.04,0.07,1347.92
217,2023-11-25,Garden,Central,Product D,7017,96,73.09,0.09,1665.25
218,2023-02-16,Clothing,South,Product C,759,29,26.17,0.00,378.79
219,2023-05-07,Clothing,South,Product B,8429,61,138.18,0.19,4150.47
220,2023-11-04,Sports,West,Product D,9469,72,131.51,0.22,3110.62
221,2023-02-13,Home,South,Product B,3264,45,72.53,0.22,722.15
222,2023-06-10,Electronics,West,Product D,4524,57,79.37,0.13,1388.72
223,2023-08-26,Health,North,Product C,5323,43,123.79,0.00,1893.11
224,2023-08-20,Sports,West,Product C,728,80,9.10,0.00,177.15
225,2023-07-21,Health,North,Product A,2113,9,234.78,0.16,852.73
226,2023-10-13,Toys,West,Product D,2751,79,34.82,0.22,1054.34
227,2023-01-16,Electronics,South,Product C,4121,62,66.47,0.00,1215.18
228,2023-11-02,Clothing,West,Product D,1201,96,12.51,0.25,526.92
229,2023-09-02,Electronics,North,Product D,149,4,37.25,0.02,49.56
230,2023-07-01,Clothing,West,Product D,532,6,88.67,0.18,225.42
231,2023-11-10,Sports,West,Product A,5833,4,1458.25,0.18,2011.74
232,2023-11-24,Health,Central,Product E,8226,86,95.65,0.26,2534.35
233,2023-08-16,Food,West,Product D,5803,34,170.68,0.12,2648.61
234,2023-07-07,Electronics,North,Product E,9621,93,103.45,0.01,4549.96
235,2023-04-17,Clothing,South,Product D,7687,52,147.83,0.25,2503.26
236,2023-08-14,Food,Central,Product D,5625,85,66.18,0.28,1722.44
237,2023-11-18,Clothing,East,Product C,9344,23,406.26,0.20,2517.50
238,2023-06-18,Clothing,West,Product D,7900,73,108.22,0.05,1952.79
239,2023-07-06,Garden,Central,Product C,8218,26,316.08,0.07,3782.67
240,2023-09-19,Electronics,Central,Product B,3011,34,88.56,0.27,1040.72
241,2023-03-06,Books,Central,Product B,2600,77,33.77,0.25,760.93
242,2023-10-27,Health,South,Product C,1842,37,49.78,0.22,698.13
243,2023-10-23,Clothing,South,Product C,7366,14,526.14,0.03,2399.96
244,2023-07-11,Home,North,Product C,3028,93,32.56,0.13,1417.27
245,2023-05-02,Home,East,Product C,3758,95,39.56,0.17,1023.30
246,2023-06-29,Home,South,Product E,2753,44,62.57,0.01,790.81
247,2023-07-05,Electronics,South,Product D,5668,41,138.24,0.06,1644.20
248,2023-11-06,Toys,Central,Product A,9665,98,98.62,0.13,2988.93
249,2023-12-22,Garden,East,Product B,3869,36,107.47,0.25,1657.94
250,2023-01-23,Automotive,East,Product A,9896,35,282.74,0.27,4171.37
251,2023-08-10,Sports,West,Product D,7431,52,142.90,0.25,1548.30
252,2023-07-24,Health,North,Product B,722,37,19.51,0.26,177.02
253,2023-12-26,Garden,South,Product A,9410,38,247.63,0.02,4162.60
254,2023-10-09,Toys,East,Product C,2840,34,83.53,0.21,761.88
255,2023-06-18,Books,North,Product D,1617,60,26.95,0.17,524.35
256,2023-02-09,Sports,South,Product E,6489,75,86.52,0.01,1630.13
257,2023-02-07,Health,West,Product C,2997,79,37.94,0.21,840.68
258,2023-05-13,Books,East,Product E,4116,10,411.60,0.27,851.45
259,2023-04-11,Electronics,Central,Product C,3761,22,170.95,0.07,1596.58
260,2023-06-02,Health,North,Product E,4514,18,250.78,0.22,1320.68
261,2023-05-07,Books,East,Product A,9165,14,654.64,0.24,3147.05
262,2023-04-23,Books,West,Product D,4269,83,51.43,0.02,1753.01
263,2023-10-14,Electronics,South,Product C,3875,26,149.04,0.20,928.17
264,2023-09-08,Health,Central,Product D,8279,97,85.35,0.23,2540.46
265,2023-09-13,Toys,North,Product B,5597,30,186.57,0.27,2563.39
266,2023-10-12,Books,West,Product C,4726,43,109.91,0.21,1623.11
267,2023-09-22,Home,North,Product C,7945,8,993.13,0.22,3817.18
268,2023-11-14,Automotive,Central,Product D,3406,51,66.78,0.10,1079.23
269,2023-10-25,Home,West,Product D,3953,94,42.05,0.21,841.35
270,2023-10-22,Garden,South,Product D,8587,15,572.47,0.17,4193.62
271,2023-02-08,Books,South,Product B,2020,3,673.33,0.04,940.62
272,2023-06-23,Automotive,Central,Product C,9858,76,129.71,0.29,4454.25
273,2023-06-30,Electronics,Central,Product A,2760,96,28.75,0.14,672.88
274,2023-04-15,Health,North,Product B,3214,12,267.83,0.03,918.88
275,2023-04-02,Clothing,East,Product B,3560,10,356.00,0.03,767.00
276,2023-10-02,Home,South,Product D,9558,28,341.36,0.11,2706.07
277,2023-01-11,Sports,South,Product D,942,40,23.55,0.17,352.76
278,2023-04-27,Electronics,South,Product D,8268,96,86.13,0.28,2962.24
279,2023-02-24,Home,Central,Product D,6522,72,90.58,0.25,2558.84
280,2023-08-09,Sports,South,Product C,362,39,9.28,0.29,137.34
281,2023-06-20,Home,West,Product E,1033,57,18.12,0.21,278.71
282,2023-02-19,Garden,West,Product E,3947,55,71.76,0.22,1044.00
283,2023-06-19,Books,South,Product E,3594,62,57.97,0.27,1103.47
284,2023-03-26,Automotive,West,Product B,4424,66,67.03,0.02,934.82
285,2023-03-13,Electronics,East,Product D,2141,74,28.93,0.19,869.28
286,2023-02-08,Books,East,Product A,3909,78,50.12,0.05,826.36
287,2023-12-27,Clothing,East,Product A,2850,97,29.38,0.24,1291.12
288,2023-05-06,Food,East,Product C,7734,33,234.36,0.04,3372.20
289,2023-11-07,Toys,East,Product B,2325,16,145.31,0.21,854.32
290,2023-12-19,Home,South,Product A,4726,36,131.28,0.01,1851.56
291,2023-02-15,Electronics,East,Product A,2394,26,92.08,0.08,1095.23
292,2023-11-29,Books,East,Product C,1221,93,13.13,0.12,588.85
293,2023-01-14,Books,North,Product B,775,47,16.49,0.07,262.89
294,2023-08-22,Books,East,Product E,1200,44,27.27,0.30,558.21
295,2023-04-04,Toys,West,Product B,6910,93,74.30,0.10,2089.54
296,2023-05-28,Food,Central,Product C,7837,84,93.30,0.13,2984.06
297,2023-04-22,Food,West,Product A,9738,14,695.57,0.20,2478.47
298,2023-07-30,Health,West,Product B,8757,8,1094.63,0.21,3380.03
299,2023-09-24,Garden,South,Product A,3321,36,92.25,0.29,956.21
300,2023-06-30,Health,South,Product E,8416,5,1683.20,0.02,3339.77
301,2023-02-12,Home,Central,Product B,8307,89,93.34,0.19,3152.58
302,2023-01-10,Garden,South,Product C,5299,49,108.14,0.26,1920.56
303,2023-02-22,Health,East,Product B,9156,36,254.33,0.22,2161.56
304,2023-03-24,Clothing,North,Product B,5328,1,5328.00,0.09,1488.86
305,2023-08-31,Books,East,Product E,1443,10,144.30,0.20,305.10
306,2023-09-20,Food,East,Product E,4734,42,112.71,0.04,1738.63
307,2023-06-11,Clothing,West,Product E,8823,34,259.50,0.03,2613.07
308,2023-12-27,Health,West,Product A,6730,86,78.26,0.03,3242.75
309,2023-10-15,Home,North,Product B,6901,40,172.53,0.16,2449.63
310,2023-04-08,Automotive,West,Product A,6837,53,129.00,0.24,1417.60
311,2023-04-16,Sports,East,Product C,5255,38,138.29,0.09,2123.49
312,2023-07-25,Electronics,Central,Product B,3586,52,68.96,0.06,1396.29
313,2023-02-04,Clothing,East,Product E,6415,50,128.30,0.18,2163.30
314,2023-10-20,Health,East,Product C,262,21,12.48,0.30,82.57
315,2023-09-12,Health,East,Product E,7043,23,306.22,0.23,2877.02
316,2023-12-07,Food,Central,Product E,9787,68,143.93,0.06,2420.09
317,2023-04-29,Automotive,Central,Product B,3815,27,141.30,0.23,1897.40
318,2023-10-06,Sports,Central,Product E,661,66,10.02,0.23,205.27
319,2023-11-17,Electronics,Central,Product B,4578,25,183.12,0.28,1164.61
320,2023-04-17,Automotive,North,Product A,274,88,3.11,0.23,58.30
321,2023-01-12,Sports,East,Product D,2153,26,82.81,0.16,751.19
322,2023-07-01,Clothing,Central,Product B,1865,58,32.16,0.12,418.29
323,2023-11-10,Home,South,Product E,6828,43,158.79,0.28,3024.03
324,2023-03-22,Books,South,Product A,6322,59,107.15,0.16,1628.74
325,2023-08-05,Books,North,Product C,182,47,3.87,0.29,78.68
326,2023-08-04,Sports,South,Product E,2321,89,26.08,0.30,815.60
327,2023-02-26,Food,West,Product A,263,28,9.39,0.09,78.72
328,2023-02-15,Clothing,Central,Product E,5280,81,65.19,0.08,1080.33
329,2023-01-13,Garden,South,Product A,9005,59,152.63,0.14,2993.31
330,2023-05-31,Health,Central,Product D,2783,31,89.77,0.10,1010.49
331,2023-06-13,Food,East,Product B,8000,7,1142.86,0.05,2059.73
332,2023-06-24,Toys,South,Product D,2581,83,31.10,0.06,600.94
333,2023-03-18,Home,North,Product D,7842,85,92.26,0.23,1868.47
334,2023-04-14,Sports,South,Product E,2461,68,36.19,0.30,655.10
335,2023-09-11,Clothing,East,Product E,2519,59,42.69,0.12,653.36
336,2023-06-09,Toys,West,Product C,4032,69,58.43,0.16,868.47
337,2023-01-08,Books,North,Product B,723,42,17.21,0.14,352.82
338,2023-06-16,Home,North,Product B,7358,10,735.80,0.08,1988.67
339,2023-12-03,Electronics,West,Product B,3347,76,44.04,0.02,1565.71
340,2023-12-21,Automotive,West,Product E,247,2,123.50,0.05,92.22
341,2023-02-14,Toys,South,Product D,1166,71,16.42,0.24,577.07
342,2023-04-03,Books,East,Product B,601,3,200.33,0.12,208.61
343,2023-10-25,Electronics,Central,Product C,524,11,47.64,0.26,229.37
344,2023-06-11,Food,Central,Product D,9049,18,502.72,0.10,4224.04
345,2023-07-08,Automotive,West,Product B,9991,56,178.41,0.17,2756.32
346,2023-12-09,Toys,North,Product C,8405,25,336.20,0.06,3929.48
347,2023-09-17,Clothing,North,Product C,4048,16,253.00,0.28,1644.56
348,2023-05-17,Sports,West,Product A,6692,18,371.78,0.22,2461.74
349,2023-12-03,Sports,South,Product E,9728,43,226.23,0.15,2819.02
350,2023-10-03,Books,East,Product A,322,86,3.74,0.25,65.84
351,2023-12-01,Automotive,Central,Product C,528,7,75.43,0.21,110.03
352,2023-06-22,Health,South,Product E,3445,17,202.65,0.22,1180.00
353,2023-02-03,Electronics,South,Product C,9018,70,128.83,0.24,3649.51
354,2023-07-04,Health,East,Product C,9045,62,145.89,0.05,3411.15
355,2023-07-02,Clothing,North,Product E,2162,88,24.57,0.15,874.92
356,2023-03-25,Health,South,Product C,5848,9,649.78,0.12,1997.49
357,2023-11-09,Automotive,North,Product D,8150,55,148.18,0.13,3080.02
358,2023-07-02,Home,North,Product A,3445,8,430.63,0.13,862.66
359,2023-09-16,Food,Central,Product C,1064,42,25.33,0.19,531.03
360,2023-11-12,Electronics,North,Product D,9409,99,95.04,0.05,3494.70
361,2023-11-13,Health,South,Product D,7935,82,96.77,0.10,1773.17
362,2023-10-30,Clothing,West,Product B,2607,56,46.55,0.01,541.15
363,2023-06-30,Clothing,North,Product B,4057,12,338.08,0.27,1906.17
364,2023-05-22,Clothing,West,Product A,7145,40,178.63,0.10,2295.65
365,2023-02-02,Clothing,North,Product A,6140,87,70.57,0.03,2537.27
366,2023-01-18,Clothing,Central,Product A,7345,67,109.63,0.29,2422.81
367,2023-04-04,Food,East,Product A,9030,24,376.25,0.26,1909.23
368,2023-02-04,Books,East,Product C,1841,75,24.55,0.07,532.55
369,2023-05-04,Home,West,Product B,220,86,2.56,0.20,57.66
370,2023-07-08,Home,North,Product C,2792,9,310.22,0.26,909.11
371,2023-12-26,Garden,West,Product C,9387,95,98.81,0.08,4419.03
372,2023-02-26,Health,East,Product C,5574,54,103.22,0.24,2363.46
373,2023-07-23,Clothing,East,Product A,8740,58,150.69,0.21,2642.10
374,2023-08-08,Garden,Central,Product A,7034,23,305.83,0.24,2258.99
375,2023-04-30,Home,South,Product E,2703,19,142.26,0.13,772.98
376,2023-02-04,Toys,South,Product B,1164,84,13.86,0.23,446.37
377,2023-02-12,Electronics,West,Product C,8983,79,113.71,0.06,2350.89
378,2023-08-01,Clothing,East,Product D,4312,19,226.95,0.08,2095.18
379,2023-10-08,Electronics,North,Product D,6715,85,79.00,0.12,2838.10
380,2023-05-24,Health,North,Product D,4585,47,97.55,0.05,1062.71
381,2023-12-13,Health,Central,Product C,9120,56,162.86,0.02,2524.62
382,2023-01-02,Clothing,East,Product B,3323,16,207.69,0.05,1543.82
383,2023-10-26,Food,South,Product E,5658,62,91.26,0.23,2132.83
384,2023-08-29,Toys,Central,Product B,5662,89,63.62,0.11,1764.37
385,2023-11-07,Electronics,South,Product E,6218,80,77.72,0.18,3106.01
386,2023-04-17,Toys,Central,Product C,2491,1,2491.00,0.15,1189.41
387,2023-08-06,Food,West,Product E,9936,95,104.59,0.12,2423.29
388,2023-03-30,Automotive,East,Product C,460,11,41.82,0.06,166.57
389,2023-06-01,Home,West,Product E,4644,10,464.40,0.15,1317.00
390,2023-10-18,Books,Central,Product A,4553,75,60.71,0.29,1529.09
391,2023-01-28,Books,West,Product A,7799,42,185.69,0.03,3033.75
392,2023-12-29,Automotive,East,Product B,3848,83,46.36,0.10,1105.30
393,2023-05-09,Automotive,East,Product E,3267,69,47.35,0.25,776.23
394,2023-05-22,Health,East,Product D,1493,89,16.78,0.14,428.29
395,2023-12-29,Electronics,North,Product C,8099,79,102.52,0.25,2938.72
396,2023-03-15,Automotive,East,Product E,1535,35,43.86,0.25,415.82
397,2023-04-09,Automotive,North,Product E,4507,68,66.28,0.03,1375.83
398,2023-12-21,Toys,East,Product D,1584,43,36.84,0.28,429.67
399,2023-10-18,Toys,South,Product B,6235,100,62.35,0.11,1604.03
400,2023-12-28,Automotive,North,Product A,3229,72,44.85,0.13,1414.16
401,2023-12-01,Sports,Central,Product C,9206,20,460.30,0.07,2684.29
402,2023-09-30,Clothing,East,Product B,8608,41,209.95,0.04,2184.40
403,2023-01-23,Toys,West,Product D,3747,7,535.29,0.09,997.36
404,2023-09-13,Home,West,Product C,9308,52,179.00,0.30,2149.85
405,2023-04-02,Food,West,Product D,7975,84,94.94,0.01,2393.49
406,2023-02-21,Home,Central,Product E,4583,68,67.40,0.19,1953.65
407,2023-08-30,Clothing,North,Product B,555,92,6.03,0.06,150.76
408,2023-04-09,Automotive,Central,Product B,8917,20,445.85,0.10,3919.57
409,2023-01-21,Garden,North,Product D,4782,97,49.30,0.24,1383.70
410,2023-12-17,Health,East,Product A,5691,23,247.43,0.21,2387.60
411,2023-07-01,Health,West,Product C,8332,21,396.76,0.27,1814.49
412,2023-10-27,Home,East,Product E,6860,13,527.69,0.17,2708.98
413,2023-10-09,Food,West,Product C,1171,12,97.58,0.22,538.02
414,2023-12-23,Home,East,Product C,5818,79,73.65,0.01,1849.46
415,2023-12-26,Food,East,Product C,8553,16,534.56,0.17,3188.77
416,2023-06-09,Clothing,West,Product E,5507,40,137.68,0.07,1390.56
417,2023-11-16,Toys,North,Product D,8921,47,189.81,0.08,3993.03
418,2023-01-25,Home,East,Product A,3381,43,78.63,0.18,756.67
419,2023-11-26,Health,North,Product B,742,17,43.65,0.27,367.42
420,2023-01-20,Electronics,West,Product D,782,70,11.17,0.09,286.94
421,2023-10-15,Toys,North,Product A,1838,29,63.38,0.10,693.89
422,2023-12-23,Toys,East,Product A,2861,34,84.15,0.09,1272.92
423,2023-07-17,Garden,West,Product D,7538,98,76.92,0.13,2793.21
424,2023-12-07,Garden,West,Product D,9118,42,217.10,0.11,3848.95
425,2023-06-04,Electronics,West,Product E,9347,67,139.51,0.30,2209.60
426,2023-04-13,Automotive,North,Product D,2978,4,744.50,0.15,839.61
427,2023-03-09,Toys,East,Product B,2055,28,73.39,0.20,1007.93
428,2023-02-05,Clothing,Central,Product D,4461,19,234.79,0.05,1971.02
429,2023-02-23,Automotive,West,Product B,6904,22,313.82,0.15,3103.11
430,2023-05-18,Clothing,Central,Product D,8990,2,4495.00,0.19,2687.50
431,2023-09-11,Electronics,North,Product C,548,70,7.83,0.29,162.93
432,2023-01-02,Garden,Central,Product A,2730,29,94.14,0.24,963.69
433,2023-10-06,Automotive,North,Product B,9262,59,156.98,0.29,4036.54
434,2023-01-14,Clothing,Central,Product C,5511,89,61.92,0.28,1346.37
435,2023-04-01,Health,Central,Product E,7325,20,366.25,0.10,3416.06
436,2023-10-24,Sports,West,Product E,9397,3,3132.33,0.17,3793.69
437,2023-10-29,Books,Central,Product A,9458,9,1050.89,0.06,4388.70
438,2023-08-11,Garden,Central,Product C,8189,77,106.35,0.01,3343.18
439,2023-01-03,Books,West,Product E,8564,20,428.20,0.21,2190.28
440,2023-04-05,Food,North,Product E,5750,9,638.89,0.10,1648.85
441,2023-12-21,Clothing,Central,Product E,3433,58,59.19,0.14,1389.91
442,2023-05-25,Sports,Central,Product C,5176,33,156.85,0.27,1152.84
443,2023-08-28,Health,Central,Product B,4118,70,58.83,0.21,1627.27
444,2023-05-10,Electronics,West,Product B,6398,87,73.54,0.09,2561.32
445,2023-05-10,Home,East,Product A,128,34,3.76,0.14,51.17
446,2023-01-23,Automotive,East,Product D,7683,9,853.67,0.20,3227.65
447,2023-10-09,Food,Central,Product D,9015,44,204.89,0.28,2642.54
448,2023-10-31,Electronics,East,Product A,3461,32,108.16,0.23,971.86
449,2023-04-23,Toys,North,Product D,4925,94,52.39,0.11,2329.19
450,2023-09-15,Food,West,Product D,3698,4,924.50,0.16,1298.60
451,2023-09-12,Garden,North,Product B,9294,18,516.33,0.06,4401.21
452,2023-06-23,Health,South,Product A,3273,48,68.19,0.18,1494.91
453,2023-06-11,Books,West,Product C,6368,12,530.67,0.05,2502.74
454,2023-12-14,Automotive,East,Product E,9738,37,263.19,0.07,4838.57
455,2023-02-05,Garden,Central,Product A,8466,5,1693.20,0.26,2105.64
456,2023-03-15,Books,Central,Product A,2564,95,26.99,0.14,1172.69
457,2023-03-05,Electronics,East,Product B,2250,84,26.79,0.10,454.35
458,2023-09-03,Health,South,Product E,3205,33,97.12,0.17,895.84
459,2023-02-18,Sports,East,Product E,133,78,1.71,0.17,60.53
460,2023-03-15,Electronics,East,Product B,1911,7,273.00,0.02,489.77
461,2023-04-12,Food,West,Product A,6642,65,102.18,0.06,2707.87
462,2023-06-28,Health,South,Product E,4925,47,104.79,0.13,1966.27
463,2023-11-12,Garden,South,Product E,8781,38,231.08,0.17,4053.77
464,2023-07-20,Electronics,West,Product C,5310,23,230.87,0.10,2189.48
465,2023-10-04,Food,Central,Product D,4886,56,87.25,0.05,1332.30
466,2023-06-29,Toys,South,Product C,647,52,12.44,0.20,205.86
467,2023-12-18,Clothing,Central,Product B,5592,53,105.51,0.25,2134.68
468,2023-05-07,Electronics,South,Product E,2276,33,68.97,0.29,729.69
469,2023-10-14,Home,West,Product B,2390,86,27.79,0.03,945.33
470,2023-02-06,Automotive,North,Product B,1441,55,26.20,0.16,699.38
471,2023-12-22,Electronics,East,Product C,8014,62,129.26,0.25,2714.56
472,2023-05-27,Garden,East,Product E,5834,33,176.79,0.10,1950.00
473,2023-03-01,Home,East,Product E,2667,83,32.13,0.29,543.45
474,2023-08-27,Sports,North,Product E,1536,21,73.14,0.18,440.32
475,2023-12-31,Books,Central,Product E,5791,60,96.52,0.17,2194.77
476,2023-09-05,Toys,Central,Product D,3097,88,35.19,0.24,1345.94
477,2023-12-22,Electronics,North,Product B,1805,86,20.99,0.29,753.55
478,2023-11-29,Garden,West,Product C,7522,22,341.91,0.13,1643.86
479,2023-05-18,Books,North,Product B,8487,43,197.37,0.22,3958.21
480,2023-12-08,Sports,West,Product B,7162,84,85.26,0.21,3039.39
481,2023-12-21,Garden,West,Product C,6278,19,330.42,0.23,1298.20
482,2023-11-07,Clothing,East,Product D,8803,91,96.74,0.24,3726.44
483,2023-11-28,Sports,North,Product B,4149,34,122.03,0.30,1741.18
484,2023-12-27,Sports,West,Product D,6382,94,67.89,0.16,2832.26
485,2023-04-08,Food,West,Product A,9590,37,259.19,0.13,3807.18
486,2023-08-22,Electronics,East,Product A,2004,52,38.54,0.02,725.52
487,2023-10-15,Health,East,Product E,2058,53,38.83,0.12,1028.76
488,2023-01-06,Electronics,North,Product D,6886,9,765.11,0.20,2078.21
489,2023-02-24,Automotive,East,Product D,2060,24,85.83,0.26,500.18
490,2023-01-22,Garden,Central,Product E,1772,38,46.63,0.16,710.49
491,2023-12-29,Automotive,South,Product A,9911,62,159.85,0.14,2694.91
492,2023-08-27,Home,East,Product C,6735,17,396.18,0.28,1607.72
493,2023-06-20,Toys,West,Product C,685,89,7.70,0.30,246.58
494,2023-05-10,Automotive,North,Product E,9117,61,149.46,0.21,3775.59
495,2023-11-14,Books,North,Product B,1500,3,500.00,0.08,688.12
496,2023-03-27,Automotive,North,Product B,6967,61,114.21,0.24,1563.36
497,2023-06-14,Health,North,Product C,7314,95,76.99,0.04,3184.18
498,2023-02-10,Clothing,Central,Product A,226,62,3.65,0.07,48.13
499,2023-09-20,Food,North,Product D,9243,68,135.93,0.05,3628.69
500,2023-02-04,Sports,North,Product B,4462,47,94.94,0.01,1291.77
501,2023-02-15,Books,South,Product C,300,13,23.08,0.10,149.68
502,2023-07-01,Food,West,Product E,5788,90,64.31,0.23,2232.81
503,2023-12-12,Garden,Central,Product A,6894,58,118.86,0.05,2690.72
504,2023-01-23,Sports,Central,Product E,744,44,16.91,0.25,203.43
505,2023-12-05,Garden,North,Product C,8597,88,97.69,0.11,2919.59
506,2023-02-09,Food,North,Product C,3358,33,101.76,0.12,1601.20
507,2023-10-05,Books,North,Product C,1693,18,94.06,0.16,841.20
508,2023-07-22,Sports,Central,Product C,1780,41,43.41,0.18,411.54
509,2023-12-14,Toys,West,Product E,6224,20,311.20,0.19,2712.89
510,2023-10-23,Home,South,Product B,7078,40,176.95,0.24,1883.46
511,2023-12-09,Health,North,Product A,8190,77,106.36,0.28,2872.56
512,2023-03-05,Health,North,Product A,3695,66,55.98,0.27,1520.54
513,2023-11-27,Books,East,Product C,2993,85,35.21,0.02,1004.90
514,2023-02-12,Automotive,South,Product E,3696,62,59.61,0.15,1541.74
515,2023-10-09,Garden,South,Product A,7183,3,2394.33,0.02,2196.94
516,2023-11-01,Electronics,Central,Product E,3460,97,35.67,0.16,1358.32
517,2023-02-05,Electronics,West,Product A,9013,89,101.27,0.07,3113.17
518,2023-10-31,Toys,West,Product E,7098,88,80.66,0.01,2331.46
519,2023-10-12,Health,West,Product C,4127,38,108.61,0.22,1619.24
520,2023-12-22,Food,West,Product D,4151,89,46.64,0.19,1522.26
521,2023-08-08,Health,North,Product E,8535,30,284.50,0.27,2171.18
522,2023-03-29,Garden,North,Product D,1595,45,35.44,0.06,589.23
523,2023-09-14,Food,East,Product E,468,32,14.63,0.21,134.81
524,2023-09-26,Clothing,East,Product E,7412,70,105.89,0.19,3381.85
525,2023-07-13,Health,South,Product A,1663,84,19.80,0.14,521.22
526,2023-02-22,Sports,North,Product A,4787,8,598.38,0.02,1499.70
527,2023-03-31,Food,East,Product E,3420,48,71.25,0.18,805.88
528,2023-08-05,Books,North,Product B,1715,39,43.97,0.20,472.92
529,2023-08-30,Books,North,Product C,2244,45,49.87,0.04,805.79
530,2023-07-21,Food,West,Product A,5429,5,1085.80,0.26,2408.62
531,2023-04-28,Electronics,West,Product E,4504,80,56.30,0.16,949.88
532,2023-11-26,Clothing,Central,Product C,1602,76,21.08,0.23,556.93
533,2023-03-29,Books,Central,Product B,252,17,14.82,0.29,87.79
534,2023-09-15,Sports,Central,Product E,2216,85,26.07,0.07,526.89
535,2023-01-27,Toys,Central,Product E,7311,13,562.38,0.04,3179.03
536,2023-08-31,Garden,West,Product D,8226,92,89.41,0.12,2741.64
537,2023-10-15,Books,North,Product B,2854,54,52.85,0.00,1258.19
538,2023-10-08,Home,North,Product C,4805,66,72.80,0.02,2134.40
539,2023-03-28,Books,East,Product E,2198,98,22.43,0.07,599.73
540,2023-07-17,Home,North,Product C,588,33,17.82,0.06,123.27
541,2023-01-27,Toys,North,Product C,179,59,3.03,0.04,85.40
542,2023-05-19,Books,East,Product B,9042,62,145.84,0.28,4240.17
543,2023-06-21,Clothing,East,Product B,5963,54,110.43,0.20,2549.92
544,2023-09-08,Electronics,East,Product E,2969,73,40.67,0.27,1335.99
545,2023-02-23,Clothing,East,Product C,5442,59,92.24,0.07,2543.39
546,2023-11-04,Clothing,North,Product C,3445,66,52.20,0.18,1341.25
547,2023-12-07,Food,North,Product C,9526,76,125.34,0.29,4247.87
548,2023-09-06,Home,West,Product A,8218,38,216.26,0.29,3235.26
549,2023-03-24,Toys,North,Product D,132,29,4.55,0.13,34.92
550,2023-02-20,Food,North,Product B,7850,22,356.82,0.05,2536.77
551,2023-10-31,Toys,East,Product D,5157,45,114.60,0.27,1389.45
552,2023-01-25,Clothing,Central,Product A,3610,87,41.49,0.08,1568.17
553,2023-10-02,Garden,East,Product E,9652,34,283.88,0.22,4561.28
554,2023-12-10,Toys,Central,Product B,9608,78,123.18,0.19,4008.66
555,2023-11-30,Clothing,South,Product A,651,57,11.42,0.07,136.40
556,2023-02-16,Garden,East,Product B,2474,1,2474.00,0.09,1041.85
557,2023-10-11,Garden,North,Product C,9801,98,100.01,0.28,4350.17
558,2023-11-19,Health,North,Product C,8761,45,194.69,0.26,2586.89
559,2023-06-12,Automotive,South,Product D,1389,30,46.30,0.13,554.21
560,2023-09-14,Food,West,Product B,4994,71,70.34,0.15,2169.76
561,2023-12-02,Automotive,Central,Product E,890,100,8.90,0.04,372.26
562,2023-01-26,Toys,North,Product C,1143,50,22.86,0.19,233.85
563,2023-04-27,Home,West,Product C,7255,29,250.17,0.27,2429.01
564,2023-12-25,Electronics,Central,Product E,8899,63,141.25,0.23,1905.95
565,2023-12-27,Food,Central,Product D,477,89,5.36,0.03,157.48
566,2023-03-10,Food,West,Product B,9002,19,473.79,0.24,3760.18
567,2023-05-01,Toys,North,Product B,223,56,3.98,0.20,48.15
568,2023-05-15,Home,Central,Product A,4387,97,45.23,0.04,1714.10
569,2023-10-06,Books,North,Product C,1551,98,15.83,0.19,638.02
570,2023-08-09,Electronics,South,Product E,978,44,22.23,0.19,251.69
571,2023-10-07,Home,North,Product B,7286,24,303.58,0.01,2214.17
572,2023-04-03,Clothing,East,Product C,4464,13,343.38,0.21,1497.57
573,2023-08-08,Food,Central,Product A,7724,26,297.08,0.09,1936.52
574,2023-08-09,Clothing,North,Product C,7954,75,106.05,0.25,3862.79
575,2023-03-31,Electronics,South,Product E,6349,86,73.83,0.07,2525.12
576,2023-05-07,Garden,South,Product C,4041,57,70.89,0.08,1826.70
577,2023-04-17,Electronics,North,Product B,115,12,9.58,0.07,42.69
578,2023-01-09,Food,South,Product D,7707,40,192.68,0.27,2922.60
579,2023-10-29,Health,South,Product C,4210,31,135.81,0.01,853.90
580,2023-09-08,Toys,West,Product E,1316,1,1316.00,0.09,523.08
581,2023-09-11,Garden,North,Product C,3267,48,68.06,0.16,774.59
582,2023-11-03,Clothing,West,Product C,8641,4,2160.25,0.30,2463.73
583,2023-03-18,Health,West,Product E,627,3,209.00,0.09,156.10
584,2023-10-13,Home,Central,Product A,1779,63,28.24,0.26,690.19
585,2023-08-26,Books,East,Product B,3401,68,50.01,0.28,1438.93
586,2023-05-06,Garden,East,Product C,2441,29,84.17,0.15,826.32
587,2023-03-31,Clothing,West,Product D,6057,69,87.78,0.01,1676.27
588,2023-01-09,Sports,Central,Product A,858,26,33.00,0.16,196.10
589,2023-02-26,Food,North,Product D,2690,83,32.41,0.21,962.14
590,2023-10-22,Books,East,Product E,9800,62,158.06,0.07,4549.00
591,2023-07-12,Clothing,West,Product D,7564,41,184.49,0.25,3051.34
592,2023-01-06,Food,Central,Product C,8555,24,356.46,0.09,4191.18
593,2023-09-07,Automotive,North,Product A,6026,78,77.26,0.16,2615.00
594,2023-01-17,Books,South,Product D,2049,55,37.25,0.06,443.88
595,2023-08-12,Food,Central,Product D,2371,21,112.90,0.02,829.46
596,2023-09-11,Health,North,Product C,5796,10,579.60,0.03,1213.05
597,2023-11-22,Sports,West,Product E,4678,5,935.60,0.25,1617.35
598,2023-12-13,Automotive,East,Product E,727,54,13.46,0.18,241.07
599,2023-08-31,Toys,Central,Product B,6481,62,104.53,0.04,2987.18
600,2023-09-05,Sports,Central,Product B,5116,72,71.06,0.01,2535.72
601,2023-01-06,Toys,Central,Product B,7974,34,234.53,0.00,2843.52
602,2023-10-29,Home,West,Product A,3838,72,53.31,0.05,1297.57
603,2023-11-11,Health,West,Product E,6639,39,170.23,0.25,3099.39
604,2023-10-01,Automotive,East,Product B,4258,16,266.13,0.18,1820.03
605,2023-06-29,Clothing,North,Product A,8966,33,271.70,0.17,4159.74
606,2023-07-21,Electronics,West,Product C,7227,38,190.18,0.09,1999.03
607,2023-12-25,Garden,East,Product D,3136,46,68.17,0.01,921.64
608,2023-12-23,Toys,West,Product D,8497,34,249.91,0.01,2947.35
609,2023-03-21,Toys,South,Product B,7150,29,246.55,0.07,2573.48
610,2023-09-16,Electronics,North,Product C,638,65,9.82,0.28,287.05
611,2023-06-26,Automotive,Central,Product E,3651,28,130.39,0.16,1576.99
612,2023-07-19,Books,West,Product D,8738,17,514.00,0.07,3288.59
613,2023-01-27,Health,North,Product D,4701,70,67.16,0.12,1178.70
614,2023-09-20,Health,Central,Product D,6358,65,97.82,0.27,1926.37
615,2023-02-21,Garden,Central,Product B,9640,84,114.76,0.11,2051.44
616,2023-10-16,Books,West,Product E,7573,2,3786.50,0.28,3473.94
617,2023-03-18,Books,West,Product D,8430,74,113.92,0.24,1967.80
618,2023-04-22,Home,Central,Product D,8752,51,171.61,0.19,3956.40
619,2023-01-04,Clothing,South,Product C,8556,64,133.69,0.12,3811.54
620,2023-08-20,Garden,North,Product B,3418,58,58.93,0.20,1278.91
621,2023-01-23,Toys,East,Product A,9868,77,128.16,0.14,4120.36
622,2023-01-05,Food,East,Product C,1800,25,72.00,0.16,605.81
623,2023-08-16,Home,Central,Product E,660,90,7.33,0.07,303.78
624,2023-04-22,Health,East,Product B,1116,40,27.90,0.15,490.69
625,2023-01-14,Toys,East,Product E,2829,51,55.47,0.14,1330.30
626,2023-03-04,Health,Central,Product E,3794,99,38.32,0.05,1753.44
627,2023-10-29,Toys,East,Product C,1339,91,14.71,0.29,485.39
628,2023-01-01,Toys,East,Product C,3775,71,53.17,0.22,1833.30
629,2023-12-18,Clothing,South,Product E,6692,67,99.88,0.28,2269.81
630,2023-06-30,Health,North,Product C,5453,66,82.62,0.22,2104.09
631,2023-06-02,Books,South,Product C,4448,58,76.69,0.24,1286.74
632,2023-11-13,Food,West,Product E,5624,64,87.88,0.14,2617.26
633,2023-03-24,Electronics,West,Product E,5276,89,59.28,0.21,1949.68
634,2023-08-25,Clothing,East,Product B,115,83,1.39,0.15,23.01
635,2023-03-02,Sports,South,Product D,8487,29,292.66,0.07,3815.66
636,2023-02-25,Sports,West,Product B,9752,48,203.17,0.17,2315.60
637,2023-02-22,Electronics,North,Product C,403,47,8.57,0.27,81.08
638,2023-03-22,Sports,Central,Product A,9837,27,364.33,0.03,3057.37
639,2023-08-28,Clothing,Central,Product A,6851,60,114.18,0.02,1717.52
640,2023-08-29,Garden,South,Product B,7197,5,1439.40,0.04,1560.49
641,2023-09-21,Automotive,South,Product C,6143,26,236.27,0.28,1269.56
642,2023-01-27,Home,Central,Product C,1281,7,183.00,0.03,532.71
643,2023-07-02,Electronics,North,Product B,6290,35,179.71,0.26,2866.34
644,2023-03-31,Clothing,West,Product C,9962,58,171.76,0.11,3202.13
645,2023-08-19,Books,Central,Product D,8816,7,1259.43,0.11,2003.24
646,2023-04-18,Sports,North,Product A,5051,81,62.36,0.10,2012.53
647,2023-01-19,Sports,South,Product A,3739,44,84.98,0.24,1391.15
648,2023-07-31,Sports,East,Product A,6933,61,113.66,0.29,1633.72
649,2023-08-28,Books,West,Product C,6946,50,138.92,0.12,2214.14
650,2023-08-18,Toys,West,Product C,2126,40,53.15,0.03,876.73
651,2023-07-31,Automotive,South,Product C,4248,97,43.79,0.13,1819.03
652,2023-08-29,Clothing,Central,Product D,9478,37,256.16,0.03,2477.13
653,2023-09-21,Food,West,Product C,6266,27,232.07,0.07,2935.89
654,2023-07-01,Clothing,West,Product E,9521,96,99.18,0.18,3126.79
655,2023-04-15,Clothing,East,Product C,177,40,4.42,0.21,72.94
656,2023-02-04,Automotive,East,Product A,4322,45,96.04,0.03,1913.26
657,2023-12-12,Books,South,Product A,4270,24,177.92,0.11,1819.32
658,2023-09-05,Garden,East,Product E,9248,52,177.85,0.17,4503.64
659,2023-01-03,Health,Central,Product D,1230,57,21.58,0.05,444.14
660,2023-10-28,Toys,West,Product A,4473,10,447.30,0.18,1802.52
661,2023-11-01,Health,Central,Product C,5347,51,104.84,0.19,1272.15
662,2023-08-16,Home,Central,Product B,4055,58,69.91,0.12,1514.42
663,2023-05-02,Electronics,Central,Product E,1657,57,29.07,0.24,556.37
664,2023-12-15,Food,South,Product A,3428,17,201.65,0.19,1276.48
665,2023-06-28,Sports,East,Product A,4210,86,48.95,0.03,1040.84
666,2023-12-10,Clothing,Central,Product C,7665,30,255.50,0.17,3039.21
667,2023-01-29,Sports,North,Product E,8581,6,1430.17,0.09,2910.26
668,2023-01-04,Home,North,Product D,319,14,22.79,0.10,141.33
669,2023-05-14,Garden,South,Product D,6803,71,95.82,0.02,3194.37
670,2023-01-04,Automotive,Central,Product B,6809,35,194.54,0.11,2949.46
671,2023-04-03,Clothing,West,Product A,7784,13,598.77,0.05,2833.26
672,2023-01-30,Food,West,Product E,5325,63,84.52,0.23,2479.44
673,2023-11-21,Food,Central,Product D,5254,45,116.76,0.10,1394.47
674,2023-01-30,Health,West,Product C,6453,3,2151.00,0.14,1494.53
675,2023-08-11,Electronics,South,Product E,9579,92,104.12,0.16,4670.98
676,2023-11-14,Food,South,Product E,9529,49,194.47,0.25,3961.66
677,2023-01-15,Health,South,Product D,7200,6,1200.00,0.12,1948.97
678,2023-11-19,Home,East,Product E,5910,88,67.16,0.21,1497.59
679,2023-08-10,Sports,East,Product E,5120,58,88.28,0.06,1181.26
680,2023-06-25,Toys,West,Product C,790,93,8.49,0.09,254.64
681,2023-08-02,Health,South,Product A,9642,24,401.75,0.26,3109.03
682,2023-06-16,Garden,East,Product E,9232,71,130.03,0.12,3095.87
683,2023-10-18,Home,North,Product D,6173,13,474.85,0.19,2821.46
684,2023-10-20,Clothing,West,Product B,3380,6,563.33,0.19,695.29
685,2023-01-09,Health,West,Product D,4893,73,67.03,0.06,1675.61
686,2023-06-03,Automotive,Central,Product A,9083,11,825.73,0.02,4313.44
687,2023-05-10,Automotive,North,Product A,2107,70,30.10,0.25,891.47
688,2023-03-25,Garden,South,Product D,2363,30,78.77,0.22,640.49
689,2023-06-25,Toys,East,Product D,6785,24,282.71,0.21,1614.49
690,2023-04-15,Sports,Central,Product C,4288,69,62.14,0.14,1153.69
691,2023-06-02,Automotive,Central,Product C,9952,77,129.25,0.29,2858.64
692,2023-09-23,Sports,Central,Product B,3604,34,106.00,0.29,1509.49
693,2023-08-20,Automotive,West,Product D,3910,100,39.10,0.17,807.20
694,2023-04-24,Automotive,West,Product C,4929,72,68.46,0.14,1381.78
695,2023-12-29,Garden,South,Product E,4731,53,89.26,0.02,1554.12
696,2023-11-27,Books,North,Product B,690,25,27.60,0.12,337.25
697,2023-11-15,Toys,South,Product D,6202,67,92.57,0.01,3053.23
698,2023-09-21,Toys,East,Product D,1798,69,26.06,0.16,852.38
699,2023-10-03,Sports,East,Product E,8651,89,97.20,0.06,2713.84
700,2023-09-21,Automotive,North,Product C,3028,71,42.65,0.15,1073.96
701,2023-06-12,Sports,West,Product A,9266,76,121.92,0.23,3501.98
702,2023-03-01,Health,East,Product B,9114,50,182.28,0.13,3079.82
703,2023-07-26,Books,North,Product B,7793,66,118.08,0.29,2342.59
704,2023-10-17,Garden,East,Product D,1054,52,20.27,0.11,330.04
705,2023-03-23,Garden,Central,Product E,2806,7,400.86,0.24,1300.47
706,2023-01-17,Health,South,Product C,8767,58,151.16,0.10,4233.56
707,2023-10-04,Books,West,Product E,3120,6,520.00,0.20,713.13
708,2023-03-27,Books,Central,Product A,3754,9,417.11,0.12,1604.93
709,2023-06-27,Automotive,West,Product C,7408,66,112.24,0.14,1851.05
710,2023-10-17,Automotive,Central,Product E,4185,90,46.50,0.23,1467.01
711,2023-07-30,Home,West,Product D,4474,45,99.42,0.25,943.45
712,2023-10-25,Automotive,West,Product A,4353,46,94.63,0.16,1777.83
713,2023-04-18,Health,North,Product B,1989,26,76.50,0.16,828.02
714,2023-04-26,Health,West,Product B,9294,100,92.94,0.13,2600.39
715,2023-03-30,Sports,Central,Product D,6717,48,139.94,0.08,1379.32
716,2023-09-07,Books,West,Product C,6406,79,81.09,0.27,2265.61
717,2023-05-14,Garden,North,Product C,2960,74,40.00,0.09,1402.35
718,2023-09-08,Toys,East,Product A,5669,28,202.46,0.20,2250.45
719,2023-10-29,Electronics,East,Product D,4520,93,48.60,0.27,1569.54
720,2023-04-05,Automotive,Central,Product E,1493,91,16.41,0.04,436.04
721,2023-11-16,Sports,Central,Product D,9745,12,812.08,0.22,2221.70
722,2023-03-29,Food,Central,Product C,7858,33,238.12,0.03,2708.88
723,2023-08-20,Food,East,Product E,5373,37,145.22,0.03,1432.48
724,2023-06-08,Garden,East,Product E,8981,50,179.62,0.14,2676.43
725,2023-11-10,Sports,Central,Product A,5813,4,1453.25,0.28,1705.60
726,2023-06-26,Toys,South,Product E,1203,56,21.48,0.14,402.08
727,2023-03-27,Clothing,East,Product C,719,37,19.43,0.08,297.47
728,2023-04-13,Home,East,Product C,5561,78,71.29,0.16,1956.72
729,2023-06-19,Books,East,Product C,1553,48,32.35,0.18,608.44
730,2023-01-10,Toys,East,Product B,4371,36,121.42,0.03,1341.39
731,2023-05-03,Garden,South,Product D,3157,20,157.85,0.01,780.44
732,2023-07-19,Electronics,West,Product D,7665,35,219.00,0.03,2736.95
733,2023-11-23,Toys,North,Product D,6243,37,168.73,0.26,2353.89
734,2023-05-19,Sports,West,Product B,4342,50,86.84,0.08,1472.32
735,2023-01-10,Sports,West,Product C,468,46,10.17,0.19,224.03
736,2023-09-07,Automotive,North,Product A,8259,93,88.81,0.25,4086.05
737,2023-01-05,Health,West,Product B,9297,4,2324.25,0.06,4317.58
738,2023-05-19,Home,East,Product D,3117,91,34.25,0.25,952.32
739,2023-07-29,Toys,West,Product B,5894,2,2947.00,0.29,1273.08
740,2023-01-10,Food,West,Product A,5355,59,90.76,0.20,2618.61
741,2023-04-23,Toys,North,Product A,2987,71,42.07,0.23,631.67
742,2023-07-04,Home,North,Product E,3767,20,188.35,0.24,805.84
743,2023-08-03,Electronics,West,Product B,9162,47,194.94,0.28,2708.91
744,2023-10-13,Garden,West,Product C,9129,99,92.21,0.15,3687.85
745,2023-05-27,Electronics,East,Product D,1884,69,27.30,0.26,696.52
746,2023-11-27,Automotive,East,Product E,3437,76,45.22,0.05,1485.62
747,2023-02-20,Food,North,Product C,4719,55,85.80,0.04,1252.01
748,2023-10-13,Electronics,Central,Product D,4610,58,79.48,0.30,1185.24
749,2023-07-27,Food,West,Product C,1183,8,147.88,0.16,277.47
750,2023-11-03,Toys,West,Product B,5554,18,308.56,0.16,2065.61
751,2023-05-23,Books,Central,Product D,6352,95,66.86,0.03,1330.16
752,2023-01-12,Books,South,Product B,3999,60,66.65,0.29,1351.87
753,2023-12-09,Toys,North,Product D,1118,18,62.11,0.26,255.62
754,2023-03-28,Garden,North,Product E,2496,29,86.07,0.09,1117.77
755,2023-03-16,Sports,West,Product A,2531,72,35.15,0.15,936.93
756,2023-01-05,Garden,Central,Product B,2760,7,394.29,0.25,1054.91
757,2023-08-03,Clothing,South,Product C,8122,2,4061.00,0.02,2127.01
758,2023-11-02,Sports,North,Product C,7672,73,105.10,0.06,1614.32
759,2023-11-26,Garden,North,Product E,4921,59,83.41,0.21,1212.09
760,2023-04-22,Clothing,West,Product A,942,84,11.21,0.03,228.58
761,2023-07-15,Sports,South,Product E,590,65,9.08,0.27,135.86
762,2023-03-03,Automotive,East,Product E,4397,45,97.71,0.05,968.87
763,2023-05-07,Automotive,East,Product D,2670,39,68.46,0.13,1139.80
764,2023-03-05,Health,West,Product C,7661,94,81.50,0.09,1658.22
765,2023-05-11,Electronics,Central,Product C,2365,45,52.56,0.06,687.10
766,2023-06-22,Clothing,North,Product D,2207,25,88.28,0.13,1063.73
767,2023-02-18,Books,East,Product A,1114,30,37.13,0.23,409.41
768,2023-03-05,Toys,North,Product E,9797,41,238.95,0.13,4555.07
769,2023-12-26,Clothing,East,Product D,8093,71,113.99,0.08,2626.52
770,2023-05-31,Food,North,Product C,8522,14,608.71,0.16,2387.94
771,2023-02-16,Home,East,Product C,2783,40,69.58,0.12,660.26
772,2023-10-24,Books,West,Product C,709,75,9.45,0.05,286.44
773,2023-07-31,Automotive,West,Product B,3302,57,57.93,0.18,1376.32
774,2023-08-28,Electronics,North,Product A,239,63,3.79,0.18,65.21
775,2023-02-11,Garden,North,Product D,2540,28,90.71,0.17,1018.11
776,2023-11-18,Food,North,Product A,6647,6,1107.83,0.21,2183.35
777,2023-06-19,Sports,North,Product D,253,54,4.69,0.00,58.19
778,2023-05-25,Sports,Central,Product B,3069,35,87.69,0.16,1240.22
779,2023-05-06,Toys,West,Product E,8004,41,195.22,0.19,3981.71
780,2023-10-11,Clothing,East,Product D,4699,85,55.28,0.01,1562.44
781,2023-12-19,Home,South,Product E,3460,7,494.29,0.13,917.58
782,2023-11-20,Automotive,Central,Product B,3840,86,44.65,0.12,805.41
783,2023-04-09,Home,West,Product D,5986,9,665.11,0.20,1984.91
784,2023-11-11,Electronics,North,Product B,8068,99,81.49,0.17,2395.36
785,2023-04-26,Toys,Central,Product B,656,9,72.89,0.01,316.13
786,2023-12-30,Clothing,North,Product E,3302,4,825.50,0.15,1271.22
787,2023-11-09,Health,West,Product C,6866,52,132.04,0.28,2678.83
788,2023-04-23,Clothing,East,Product A,9368,97,96.58,0.08,2636.65
789,2023-04-19,Books,East,Product B,9495,47,202.02,0.24,2565.97
790,2023-10-05,Automotive,North,Product D,7735,7,1105.00,0.16,2609.65
791,2023-12-01,Garden,Central,Product B,9565,57,167.81,0.16,4654.34
792,2023-04-10,Automotive,North,Product D,1952,5,390.40,0.15,612.12
793,2023-08-05,Sports,North,Product B,7981,21,380.05,0.23,3399.20
794,2023-06-28,Sports,Central,Product D,6222,39,159.54,0.00,2674.44
795,2023-12-13,Sports,North,Product A,9646,65,148.40,0.18,2308.50
796,2023-03-27,Health,West,Product E,521,45,11.58,0.09,231.24
797,2023-10-27,Books,East,Product C,2069,15,137.93,0.01,565.21
798,2023-02-14,Clothing,East,Product D,9878,35,282.23,0.17,3039.44
799,2023-07-13,Health,South,Product C,6330,63,100.48,0.20,1573.44
800,2023-08-02,Food,East,Product D,8978,24,374.08,0.08,2342.62
801,2023-05-01,Home,East,Product D,9470,11,860.91,0.13,3113.05
802,2023-06-08,Electronics,North,Product A,723,88,8.22,0.04,176.89
803,2023-07-28,Electronics,Central,Product D,2858,72,39.69,0.11,856.50
804,2023-01-02,Automotive,West,Product E,5283,68,77.69,0.02,1299.47
805,2023-01-21,Books,East,Product C,1490,75,19.87,0.18,516.75
806,2023-01-14,Food,North,Product E,5612,7,801.71,0.08,2467.44
807,2023-01-12,Clothing,Central,Product C,9363,85,110.15,0.25,2441.29
808,2023-06-11,Books,South,Product D,4528,9,503.11,0.08,1628.57
809,2023-02-14,Toys,West,Product B,5118,85,60.21,0.06,1291.36
810,2023-07-08,Automotive,South,Product E,939,85,11.05,0.11,208.29
811,2023-11-13,Sports,Central,Product A,608,1,608.00,0.23,296.35
812,2023-09-06,Books,South,Product A,5638,57,98.91,0.21,2324.33
813,2023-07-03,Sports,Central,Product B,6652,21,316.76,0.22,2686.63
814,2023-12-24,Home,East,Product E,8748,73,119.84,0.14,2350.48
815,2023-05-20,Food,North,Product A,5196,66,78.73,0.02,2223.54
816,2023-04-22,Food,East,Product E,3104,92,33.74,0.12,1232.58
817,2023-01-12,Automotive,North,Product B,9644,15,642.93,0.00,2654.27
818,2023-06-05,Food,East,Product E,7508,8,938.50,0.02,3078.50
819,2023-12-22,Toys,West,Product E,1956,20,97.80,0.20,534.34
820,2023-05-08,Toys,North,Product A,662,11,60.18,0.04,188.72
821,2023-01-05,Toys,West,Product A,2524,27,93.48,0.17,523.02
822,2023-04-16,Electronics,South,Product A,5257,75,70.09,0.29,2020.08
823,2023-02-06,Garden,South,Product C,2443,79,30.92,0.00,783.74
824,2023-09-11,Automotive,East,Product D,4803,51,94.18,0.21,1654.88
825,2023-12-01,Garden,South,Product E,288,30,9.60,0.08,114.83
826,2023-05-15,Automotive,South,Product D,8590,95,90.42,0.13,3137.75
827,2023-09-12,Health,Central,Product D,4925,69,71.38,0.25,2194.25
828,2023-11-08,Garden,North,Product E,2346,55,42.65,0.29,714.52
829,2023-11-23,Home,North,Product D,1783,80,22.29,0.24,854.24
830,2023-11-02,Health,Central,Product A,6673,86,77.59,0.18,1480.15
831,2023-03-18,Automotive,North,Product A,9440,15,629.33,0.11,2511.26
832,2023-07-03,Garden,West,Product E,5318,34,156.41,0.28,1840.08
833,2023-08-10,Books,South,Product C,6554,21,312.10,0.12,2072.30
834,2023-04-10,Sports,Central,Product A,4402,29,151.79,0.26,952.26
835,2023-05-28,Home,North,Product C,313,38,8.24,0.03,126.25
836,2023-04-21,Health,East,Product B,916,70,13.09,0.13,205.96
837,2023-10-08,Toys,South,Product E,7040,25,281.60,0.17,2692.47
838,2023-11-30,Sports,West,Product B,9572,75,127.63,0.12,3949.49
839,2023-03-01,Home,South,Product B,6850,83,82.53,0.16,2822.37
840,2023-04-08,Health,North,Product E,147,34,4.32,0.20,37.47
841,2023-08-08,Automotive,South,Product D,2002,6,333.67,0.21,733.89
842,2023-09-07,Home,East,Product E,7937,46,172.54,0.24,3936.45
843,2023-11-07,Food,Central,Product D,1335,30,44.50,0.10,279.21
844,2023-04-02,Home,South,Product D,1827,26,70.27,0.04,853.49
845,2023-08-30,Health,East,Product C,989,30,32.97,0.23,410.18
846,2023-09-23,Sports,South,Product D,3314,82,40.41,0.14,1652.59
847,2023-01-14,Clothing,Central,Product D,1351,93,14.53,0.20,367.76
848,2023-04-03,Health,East,Product C,373,4,93.25,0.25,82.66
849,2023-11-20,Toys,North,Product A,3096,24,129.00,0.28,1186.91
850,2023-04-04,Toys,South,Product E,1331,70,19.01,0.29,352.87
851,2023-06-02,Sports,Central,Product A,8567,57,150.30,0.26,3531.08
852,2023-02-25,Clothing,West,Product E,7493,98,76.46,0.27,3163.91
853,2023-12-08,Electronics,North,Product C,3605,26,138.65,0.23,835.21
854,2023-12-02,Garden,Central,Product C,7618,91,83.71,0.16,3208.81
855,2023-08-15,Clothing,Central,Product A,224,98,2.29,0.01,74.26
856,2023-01-18,Garden,Central,Product B,5622,66,85.18,0.10,1584.68
857,2023-04-02,Health,Central,Product C,3421,70,48.87,0.22,772.23
858,2023-02-17,Health,East,Product A,2972,97,30.64,0.24,1441.37
859,2023-12-02,Toys,North,Product E,1711,8,213.88,0.21,360.56
860,2023-12-10,Books,West,Product E,636,50,12.72,0.25,169.59
861,2023-03-23,Garden,North,Product D,5445,70,77.79,0.05,1115.17
862,2023-12-17,Toys,East,Product E,9747,6,1624.50,0.08,4838.07
863,2023-10-24,Clothing,Central,Product C,1260,34,37.06,0.19,261.83
864,2023-03-24,Sports,West,Product C,6409,56,114.45,0.19,3105.27
865,2023-08-12,Automotive,East,Product E,1269,85,14.93,0.08,265.55
866,2023-03-23,Home,Central,Product A,4442,91,48.81,0.19,1110.64
867,2023-04-18,Garden,Central,Product A,9228,27,341.78,0.12,4310.09
868,2023-09-25,Food,Central,Product B,5984,54,110.81,0.08,1334.58
869,2023-02-04,Clothing,West,Product D,2758,49,56.29,0.02,571.06
870,2023-10-12,Toys,North,Product B,8175,27,302.78,0.21,2980.11
871,2023-11-04,Automotive,South,Product C,1016,33,30.79,0.18,230.77
872,2023-12-23,Books,East,Product C,4448,43,103.44,0.28,1233.58
873,2023-10-15,Food,South,Product C,2287,85,26.91,0.23,799.80
874,2023-02-06,Electronics,East,Product D,3929,30,130.97,0.18,1897.76
875,2023-03-04,Home,Central,Product B,6837,49,139.53,0.21,2214.55
876,2023-05-03,Clothing,Central,Product B,7215,64,112.73,0.14,2725.14
877,2023-08-27,Toys,West,Product C,3904,7,557.71,0.25,1476.40
878,2023-12-19,Food,North,Product B,6266,47,133.32,0.04,1855.19
879,2023-05-17,Books,North,Product B,1311,1,1311.00,0.26,557.72
880,2023-07-05,Food,West,Product A,690,35,19.71,0.29,304.41
881,2023-05-06,Automotive,South,Product A,6034,14,431.00,0.26,2242.74
882,2023-10-15,Electronics,North,Product A,5269,82,64.26,0.14,1989.32
883,2023-11-01,Clothing,East,Product A,3684,79,46.63,0.25,737.48
884,2023-07-24,Garden,South,Product A,5742,53,108.34,0.05,1897.73
885,2023-05-17,Home,Central,Product A,8470,38,222.89,0.02,4168.06
886,2023-08-25,Automotive,South,Product D,2403,5,480.60,0.07,977.43
887,2023-10-02,Toys,Central,Product D,5561,68,81.78,0.13,2376.06
888,2023-03-04,Automotive,North,Product E,570,29,19.66,0.03,277.65
889,2023-04-07,Books,Central,Product C,5179,64,80.92,0.03,2491.69
890,2023-03-16,Home,South,Product A,3626,91,39.85,0.24,1316.24
891,2023-08-17,Automotive,Central,Product A,8754,86,101.79,0.10,3528.80
892,2023-11-23,Food,East,Product C,5096,60,84.93,0.16,2136.35
893,2023-07-29,Toys,West,Product D,4481,32,140.03,0.19,1423.09
894,2023-10-17,Books,East,Product C,3830,87,44.02,0.20,1037.00
895,2023-04-05,Sports,South,Product A,9477,53,178.81,0.18,4591.30
896,2023-12-24,Garden,South,Product A,2127,70,30.39,0.14,792.62
897,2023-02-21,Home,North,Product A,7240,20,362.00,0.16,2703.55
898,2023-09-21,Garden,West,Product D,3424,13,263.38,0.24,934.04
899,2023-08-13,Garden,West,Product C,7843,51,153.78,0.09,2790.02
900,2023-08-07,Books,North,Product A,9745,43,226.63,0.25,3622.49
901,2023-02-05,Food,West,Product B,6519,8,814.88,0.13,1727.71
902,2023-05-14,Electronics,South,Product D,3470,17,204.12,0.14,1478.69
903,2023-05-25,Automotive,Central,Product D,9614,53,181.40,0.10,3168.84
904,2023-01-02,Health,West,Product C,4067,1,4067.00,0.08,1920.40
905,2023-01-09,Home,East,Product D,7948,90,88.31,0.12,3384.48
906,2023-03-23,Automotive,North,Product A,806,61,13.21,0.03,370.65
907,2023-11-08,Garden,Central,Product C,6305,53,118.96,0.15,2281.76
908,2023-02-22,Clothing,Central,Product E,577,28,20.61,0.06,125.64
909,2023-02-25,Health,East,Product E,2073,37,56.03,0.18,760.15
910,2023-10-26,Home,West,Product D,9386,77,121.90,0.10,2969.86
911,2023-08-09,Health,West,Product E,7580,93,81.51,0.05,2532.14
912,2023-03-07,Health,East,Product B,5590,89,62.81,0.21,2254.12
913,2023-12-15,Food,East,Product A,7568,93,81.38,0.30,1894.79
914,2023-01-04,Electronics,North,Product A,2445,95,25.74,0.15,1128.77
915,2023-09-20,Sports,East,Product C,4883,38,128.50,0.20,2403.88
916,2023-12-05,Garden,West,Product C,7095,32,221.72,0.13,3166.86
917,2023-01-29,Health,Central,Product C,3483,55,63.33,0.02,927.46
918,2023-04-21,Clothing,West,Product A,2112,81,26.07,0.19,895.23
919,2023-04-13,Books,West,Product A,9616,65,147.94,0.22,3775.07
920,2023-02-19,Books,Central,Product B,7086,97,73.05,0.11,2829.64
921,2023-11-06,Books,West,Product E,6762,20,338.10,0.19,1905.68
922,2023-06-21,Clothing,Central,Product C,7298,35,208.51,0.02,2196.39
923,2023-10-06,Electronics,North,Product B,5781,70,82.59,0.09,1495.39
924,2023-06-08,Electronics,North,Product C,4872,88,55.36,0.26,1373.19
925,2023-06-01,Clothing,East,Product E,6976,91,76.66,0.03,2633.83
926,2023-12-23,Electronics,East,Product D,7150,54,132.41,0.20,1582.21
927,2023-11-30,Automotive,Central,Product D,7944,85,93.46,0.12,2616.31
928,2023-12-27,Health,West,Product D,9598,24,399.92,0.08,3185.64
929,2023-10-13,Garden,Central,Product B,2930,22,133.18,0.07,968.01
930,2023-09-19,Books,West,Product C,9870,16,616.88,0.16,4084.06
931,2023-09-18,Books,Central,Product A,7549,19,397.32,0.10,3278.25
932,2023-07-02,Books,Central,Product B,2002,43,46.56,0.19,890.50
933,2023-08-03,Health,West,Product B,3725,93,40.05,0.25,882.32
934,2023-12-21,Toys,South,Product E,2262,77,29.38,0.07,972.48
935,2023-04-28,Home,North,Product E,9219,100,92.19,0.04,2953.81
936,2023-09-19,Automotive,West,Product E,3154,8,394.25,0.24,737.44
937,2023-09-19,Food,East,Product C,5787,4,1446.75,0.24,2357.81
938,2023-11-26,Health,East,Product D,9729,67,145.21,0.11,2382.35
939,2023-06-25,Toys,South,Product D,2328,35,66.51,0.22,1018.82
940,2023-07-02,Electronics,West,Product A,9393,48,195.69,0.10,4137.76
941,2023-05-23,Sports,West,Product C,3758,76,49.45,0.05,1651.86
942,2023-07-29,Sports,East,Product A,9682,48,201.71,0.09,3971.43
943,2023-05-23,Home,North,Product D,3996,23,173.74,0.01,1170.24
944,2023-12-19,Home,Central,Product C,7802,88,88.66,0.07,3650.09
945,2023-08-30,Clothing,West,Product D,7746,13,595.85,0.10,1821.10
946,2023-02-27,Sports,South,Product D,5653,7,807.57,0.09,1302.34
947,2023-06-25,Garden,South,Product D,2623,43,61.00,0.23,559.94
948,2023-02-22,Electronics,East,Product A,7969,61,130.64,0.07,2663.99
949,2023-05-03,Food,South,Product D,1673,43,38.91,0.15,487.58
950,2023-04-28,Food,South,Product A,1955,39,50.13,0.15,620.81
951,2023-09-19,Electronics,East,Product B,9812,48,204.42,0.14,3866.53
952,2023-05-10,Food,East,Product D,6724,71,94.70,0.12,2590.94
953,2023-04-17,Books,South,Product B,9444,42,224.86,0.09,1953.38
954,2023-12-19,Automotive,East,Product E,7973,28,284.75,0.14,3753.59
955,2023-12-10,Automotive,East,Product B,2797,32,87.41,0.04,1000.52
956,2023-12-16,Toys,North,Product E,5942,54,110.04,0.22,1314.71
957,2023-09-15,Electronics,West,Product C,9438,33,286.00,0.18,3574.66
958,2023-07-09,Sports,Central,Product C,7378,61,120.95,0.26,3524.03
959,2023-07-16,Books,West,Product C,7743,93,83.26,0.21,2248.77
960,2023-08-31,Garden,Central,Product C,292,50,5.84,0.01,142.44
961,2023-03-31,Garden,West,Product A,2653,54,49.13,0.30,1029.51
962,2023-05-12,Automotive,West,Product E,9626,3,3208.67,0.10,2840.69
963,2023-06-29,Electronics,North,Product A,3774,66,57.18,0.08,1469.15
964,2023-12-12,Food,East,Product A,5276,5,1055.20,0.02,2301.18
965,2023-07-04,Toys,West,Product E,5350,85,62.94,0.25,1355.47
966,2023-02-04,Automotive,Central,Product E,9990,13,768.46,0.05,2729.45
967,2023-07-28,Food,East,Product D,456,72,6.33,0.20,120.80
968,2023-12-28,Health,East,Product C,2171,2,1085.50,0.02,447.36
969,2023-02-12,Food,Central,Product C,8509,11,773.55,0.07,2333.44
970,2023-10-01,Home,West,Product D,4903,76,64.51,0.03,1589.90
971,2023-10-08,Clothing,Central,Product B,1940,46,42.17,0.05,642.75
972,2023-09-24,Health,North,Product C,5441,7,777.29,0.08,1807.66
973,2023-11-19,Toys,East,Product D,4459,87,51.25,0.06,2084.13
974,2023-11-15,Electronics,West,Product A,6374,5,1274.80,0.14,2631.00
975,2023-11-06,Sports,Central,Product C,5285,17,310.88,0.05,1545.49
976,2023-02-11,Health,South,Product E,5517,10,551.70,0.16,1997.51
977,2023-10-16,Health,East,Product D,3621,76,47.64,0.04,845.02
978,2023-06-15,Home,North,Product E,551,16,34.44,0.29,259.69
979,2023-01-18,Home,South,Product B,9866,54,182.70,0.17,3952.12
980,2023-08-28,Garden,East,Product A,8679,11,789.00,0.05,3743.92
981,2023-08-31,Automotive,South,Product A,439,81,5.42,0.03,153.59
982,2023-01-26,Clothing,North,Product C,1757,20,87.85,0.02,623.69
983,2023-11-23,Garden,West,Product C,3836,77,49.82,0.00,986.69
984,2023-09-11,Food,North,Product D,5715,74,77.23,0.04,2514.61
985,2023-02-18,Food,Central,Product B,2154,73,29.51,0.18,1064.05
986,2023-05-26,Home,East,Product A,4792,50,95.84,0.19,1755.06
987,2023-07-17,Automotive,South,Product A,6442,18,357.89,0.27,2440.03
988,2023-05-02,Books,West,Product E,6784,93,72.95,0.30,3356.16
989,2023-04-12,Garden,East,Product D,6158,92,66.93,0.15,2560.53
990,2023-03-03,Electronics,West,Product C,257,3,85.67,0.01,54.57
991,2023-06-23,Sports,East,Product A,1603,83,19.31,0.13,429.05
992,2023-11-26,Home,Central,Product E,1759,41,42.90,0.04,668.39
993,2023-10-30,Books,South,Product E,7405,90,82.28,0.13,2775.53
994,2023-05-10,Clothing,East,Product A,6586,24,274.42,0.14,1545.13
995,2023-06-10,Books,North,Product E,9237,19,486.16,0.03,3962.43
996,2023-08-21,Sports,Central,Product B,2698,56,48.18,0.15,674.12
997,2023-08-23,Food,Central,Product E,4421,65,68.02,0.18,1610.79
998,2023-07-18,Electronics,West,Product C,3973,59,67.34,0.10,1188.67
999,2023-01-20,Clothing,Central,Product D,2205,95,23.21,0.08,559.41